nconst,error_reason,raw_row
nm10019610,EMPTY_NAME,nm10019610,,,,,
nm10040984,EMPTY_NAME,nm10040984,,,,,
nm10405838,EMPTY_NAME,nm10405838,,,,,
nm10730114,EMPTY_NAME,nm10730114,,,,,
nm10747123,EMPTY_NAME,nm10747123,,,,,
nm12177858,EMPTY_NAME,nm12177858,,,,,
nm12294468,EMPTY_NAME,nm12294468,,,,,
nm12364432,EMPTY_NAME,nm12364432,,,,,
nm12427523,EMPTY_NAME,nm12427523,,,,,
nm12428300,EMPTY_NAME,nm12428300,,,,,
nm12433723,EMPTY_NAME,nm12433723,,,,,
nm12478256,EMPTY_NAME,nm12478256,,,,,
nm12481257,EMPTY_NAME,nm12481257,,,,,
nm12641157,EMPTY_NAME,nm12641157,,,,,
nm12761182,EMPTY_NAME,nm12761182,,,,,
nm12910234,EMPTY_NAME,nm12910234,,,,,
nm13220364,EMPTY_NAME,nm13220364,,,,,
nm13295246,EMPTY_NAME,nm13295246,,,,,
nm13330335,EMPTY_NAME,nm13330335,,,,,
nm13607814,EMPTY_NAME,nm13607814,,,,,
nm13880622,EMPTY_NAME,nm13880622,,,,,
nm13929861,EMPTY_NAME,nm13929861,,,,,
nm13930205,EMPTY_NAME,nm13930205,,,,,
nm14074784,EMPTY_NAME,nm14074784,,,,,
nm14075045,EMPTY_NAME,nm14075045,,,,,
nm14138205,EMPTY_NAME,nm14138205,,,,,
nm14314617,EMPTY_NAME,nm14314617,,,,,
nm14350898,EMPTY_NAME,nm14350898,,,,,
nm14427629,EMPTY_NAME,nm14427629,,,,,
nm14430933,EMPTY_NAME,nm14430933,,,,,
nm14535494,EMPTY_NAME,nm14535494,,,,,
nm14554661,EMPTY_NAME,nm14554661,,,,,
nm14738702,EMPTY_NAME,nm14738702,,,,,
nm14829384,EMPTY_NAME,nm14829384,,,,,
nm14936186,EMPTY_NAME,nm14936186,,,,,
nm15100546,EMPTY_NAME,nm15100546,,,,,
nm15116716,EMPTY_NAME,nm15116716,,,,,
nm15153570,EMPTY_NAME,nm15153570,,,,,
nm15245498,EMPTY_NAME,nm15245498,,,,,
nm15257964,EMPTY_NAME,nm15257964,,,,,
nm15278415,EMPTY_NAME,nm15278415,,,,,
nm15297826,EMPTY_NAME,nm15297826,,,,,
nm15367808,EMPTY_NAME,nm15367808,,,,,
nm15383502,EMPTY_NAME,nm15383502,,,,,
nm15416513,EMPTY_NAME,nm15416513,,,,,
nm16273519,EMPTY_NAME,nm16273519,,,,,
nm17180960,EMPTY_NAME,nm17180960,,,,,
nm17343118,EMPTY_NAME,nm17343118,,,,,
nm17356187,EMPTY_NAME,nm17356187,,,,,
nm17621230,EMPTY_NAME,nm17621230,,,,,
nm17680753,EMPTY_NAME,nm17680753,,,,,
nm17695793,EMPTY_NAME,nm17695793,,,,,
nm17868010,EMPTY_NAME,nm17868010,,,,,
nm2505107,EMPTY_NAME,nm2505107,,,,,
nm3871194,EMPTY_NAME,nm3871194,,,,,
nm5037394,EMPTY_NAME,nm5037394,,,,,
nm6305655,EMPTY_NAME,nm6305655,,,,assistant,
nm6961017,EMPTY_NAME,nm6961017,,,,,
nm7331406,EMPTY_NAME,nm7331406,,,,,
nm8394043,EMPTY_NAME,nm8394043,,,,,
nm8824183,EMPTY_NAME,nm8824183,,,,,
nm8971975,EMPTY_NAME,nm8971975,,,,,
nm9282666,EMPTY_NAME,nm9282666,,,,,
nm9912361,EMPTY_NAME,nm9912361,,,,,
nm9912913,EMPTY_NAME,nm9912913,,,,,
nm9922243,EMPTY_NAME,nm9922243,,,,,
